tankId,timestamp,componentId,severity,code,message
TNK-A-047,2025-08-11 07:10:40,eng-001,INFO,INFO_0000,Routine system check completed
TNK-A-047,2025-08-13 03:10:40,eng-001,INFO,INFO_0000,Routine system check completed
TNK-A-047,2025-08-30 02:10:40,eng-001,INFO,INFO_0000,Routine system check completed
TNK-A-047,2025-09-23 17:10:40,eng-001,INFO,INFO_0000,Routine system check completed
TNK-A-047,2025-09-28 14:10:40,eng-001,INFO,INFO_0000,Routine system check completed
TNK-A-047,2025-08-22 02:10:40,trn-001,INFO,INFO_0000,Routine system check completed
TNK-A-047,2025-09-04 03:10:40,trn-001,INFO,INFO_0000,Routine system check completed
TNK-A-047,2025-09-07 12:10:40,trn-001,INFO,INFO_0000,Routine system check completed
TNK-A-047,2025-09-26 16:10:40,trn-001,INFO,INFO_0000,Routine system check completed
TNK-A-047,2025-10-05 04:10:40,trn-001,INFO,INFO_0000,Routine system check completed
TNK-A-047,2025-10-21 09:10:40,trn-001,INFO,INFO_0000,Routine system check completed
TNK-A-047,2025-10-28 22:10:40,trn-001,INFO,INFO_0000,Routine system check completed
TNK-A-047,2025-08-08 21:10:40,hyd-001,INFO,INFO_0000,Routine system check completed
TNK-A-047,2025-08-12 10:10:40,hyd-001,INFO,INFO_0000,Routine system check completed
TNK-A-047,2025-08-31 20:10:40,hyd-001,INFO,INFO_0000,Routine system check completed
TNK-A-047,2025-08-31 20:10:40,hyd-001,INFO,INFO_0000,Routine system check completed
TNK-A-047,2025-09-03 21:10:40,hyd-001,INFO,INFO_0000,Routine system check completed
TNK-A-047,2025-09-07 03:10:40,hyd-001,INFO,INFO_0000,Routine system check completed
TNK-A-047,2025-09-10 08:10:40,hyd-001,INFO,INFO_0000,Routine system check completed
TNK-A-047,2025-09-21 01:10:40,hyd-001,INFO,INFO_0000,Routine system check completed
TNK-A-047,2025-09-23 20:10:40,hyd-001,INFO,INFO_0000,Routine system check completed
TNK-A-047,2025-09-28 04:10:40,hyd-001,INFO,INFO_0000,Routine system check completed
TNK-A-047,2025-09-30 14:10:40,hyd-001,INFO,INFO_0000,Routine system check completed
TNK-A-047,2025-10-07 01:10:40,hyd-001,INFO,INFO_0000,Routine system check completed
TNK-A-047,2025-10-13 23:10:40,hyd-001,INFO,INFO_0000,Routine system check completed
TNK-A-047,2025-10-18 13:10:40,hyd-001,WARNING,ERR_3472,Component degradation detected: health=56.5%
TNK-A-047,2025-10-18 22:10:40,hyd-001,INFO,INFO_0000,Routine system check completed
TNK-A-047,2025-10-19 14:10:40,hyd-001,WARNING,ERR_2067,Component degradation detected: health=57.6%
TNK-A-047,2025-10-20 10:10:40,hyd-001,WARNING,ERR_9368,Component degradation detected: health=57.4%
TNK-A-047,2025-10-21 08:10:40,hyd-001,WARNING,ERR_9818,Component degradation detected: health=59.3%
TNK-A-047,2025-10-22 23:10:40,hyd-001,WARNING,ERR_8090,Component degradation detected: health=55.9%
TNK-A-047,2025-10-23 01:10:40,hyd-001,WARNING,ERR_1018,Component degradation detected: health=57.3%
TNK-A-047,2025-10-24 08:10:40,hyd-001,WARNING,ERR_4886,Component degradation detected: health=55.8%
TNK-A-047,2025-10-24 22:10:40,hyd-001,WARNING,ERR_3941,Component degradation detected: health=58.0%
TNK-A-047,2025-10-25 15:10:40,hyd-001,WARNING,ERR_7054,Component degradation detected: health=55.6%
TNK-A-047,2025-10-26 00:10:40,hyd-001,WARNING,ERR_2730,Component degradation detected: health=56.3%
TNK-A-047,2025-10-26 06:10:40,hyd-001,WARNING,ERR_1414,Component degradation detected: health=55.4%
TNK-A-047,2025-10-26 13:10:40,hyd-001,WARNING,ERR_2692,Component degradation detected: health=50.5%
TNK-A-047,2025-10-26 16:10:40,hyd-001,WARNING,ERR_4223,Component degradation detected: health=56.7%
TNK-A-047,2025-10-26 18:10:40,hyd-001,WARNING,ERR_8640,Component degradation detected: health=57.7%
TNK-A-047,2025-10-27 03:10:40,hyd-001,WARNING,ERR_9326,Component degradation detected: health=51.3%
TNK-A-047,2025-10-27 04:10:40,hyd-001,WARNING,ERR_5015,Component degradation detected: health=58.8%
TNK-A-047,2025-10-27 05:10:40,hyd-001,WARNING,ERR_8878,Component degradation detected: health=54.5%
TNK-A-047,2025-10-27 07:10:40,hyd-001,WARNING,ERR_1001,Component degradation detected: health=58.0%
TNK-A-047,2025-10-28 12:10:40,hyd-001,WARNING,ERR_8531,Component degradation detected: health=58.2%
TNK-A-047,2025-10-28 13:10:40,hyd-001,WARNING,ERR_2810,Component degradation detected: health=54.6%
TNK-A-047,2025-10-29 07:10:40,hyd-001,WARNING,ERR_5974,Component degradation detected: health=51.5%
TNK-A-047,2025-10-29 08:10:40,hyd-001,WARNING,ERR_1884,Component degradation detected: health=56.5%
TNK-A-047,2025-10-29 12:10:40,hyd-001,WARNING,ERR_2460,Component degradation detected: health=55.0%
TNK-A-047,2025-10-29 16:10:40,hyd-001,WARNING,ERR_7464,Component degradation detected: health=56.4%
TNK-A-047,2025-10-29 18:10:40,hyd-001,WARNING,ERR_9042,Component degradation detected: health=58.9%
TNK-A-047,2025-10-30 07:10:40,hyd-001,WARNING,ERR_2415,Component degradation detected: health=49.8%
TNK-A-047,2025-10-31 13:10:40,hyd-001,WARNING,ERR_5248,Component degradation detected: health=51.0%
TNK-A-047,2025-10-31 15:10:40,hyd-001,WARNING,ERR_6859,Component degradation detected: health=50.5%
TNK-A-047,2025-08-18 14:10:41,sus-001,INFO,INFO_0000,Routine system check completed
TNK-A-047,2025-08-23 01:10:41,sus-001,INFO,INFO_0000,Routine system check completed
TNK-A-047,2025-09-28 09:10:41,sus-001,INFO,INFO_0000,Routine system check completed
TNK-A-047,2025-10-14 12:10:41,sus-001,INFO,INFO_0000,Routine system check completed
TNK-A-047,2025-10-24 03:10:41,sus-001,INFO,INFO_0000,Routine system check completed
TNK-A-047,2025-10-29 23:10:41,sus-001,WARNING,ERR_2794,Component degradation detected: health=59.3%
TNK-A-047,2025-10-30 14:10:41,sus-001,WARNING,ERR_4873,Component degradation detected: health=56.8%
TNK-A-047,2025-10-31 04:10:41,sus-001,INFO,INFO_0000,Routine system check completed
TNK-A-047,2025-08-10 19:10:41,fcs-001,INFO,INFO_0000,Routine system check completed
TNK-A-047,2025-08-28 10:10:41,fcs-001,INFO,INFO_0000,Routine system check completed
TNK-A-047,2025-09-14 09:10:41,fcs-001,INFO,INFO_0000,Routine system check completed
TNK-A-047,2025-09-21 13:10:41,fcs-001,INFO,INFO_0000,Routine system check completed
TNK-A-047,2025-10-02 13:10:41,fcs-001,INFO,INFO_0000,Routine system check completed
TNK-A-047,2025-10-02 20:10:41,fcs-001,INFO,INFO_0000,Routine system check completed
TNK-A-047,2025-08-11 12:10:41,com-001,INFO,INFO_0000,Routine system check completed
TNK-A-047,2025-08-22 05:10:41,com-001,INFO,INFO_0000,Routine system check completed
TNK-A-047,2025-08-23 01:10:41,com-001,INFO,INFO_0000,Routine system check completed
TNK-A-047,2025-08-25 20:10:41,com-001,INFO,INFO_0000,Routine system check completed
TNK-A-047,2025-09-11 09:10:41,com-001,INFO,INFO_0000,Routine system check completed
TNK-A-047,2025-09-23 04:10:41,com-001,INFO,INFO_0000,Routine system check completed
TNK-A-047,2025-10-26 07:10:41,com-001,INFO,INFO_0000,Routine system check completed
